SubjectInfo.subjID,SubjectInfo.sessionNumber,Trials.trialType,Trials.verboseTrialType,Trials.ordinal,Looks.confidence,Trials.duration,Trials.excludeTrial,Trials.excludeReason,Looks.duration_onLooks
sub-LIU_TLAO_s029,1,calibration-short,calib-short,1,,2.068,False,,0.0860000000000001
sub-LIU_TLAO_s029,1,calibration-short,calib-short,1,,2.068,True,total on-look time in trial is less than the minimum cumulative duration (min_durationOn); ,0.0860000000000001
sub-LIU_TLAO_s029,1,audio-test,audio-test,2,-1.0,19.424,True,average on-look confidence of iCatcher for trial is below minimum (min_icatcher_confidence); ,19.424
sub-LIU_TLAO_s029,1,train,train,3,0.5211814812265835,26.619,False,,4.003999999999998
sub-LIU_TLAO_s029,1,fam,fam,4,0.6286081063504121,27.658,False,,2.7829999999999977
sub-LIU_TLAO_s029,1,train,train-flip,5,,10.335,False,,0.0
sub-LIU_TLAO_s029,1,fam,fam-flip,6,0.2298774242401123,40.619,False,,0.0
sub-LIU_TLAO_s029,1,train,train,7,0.6059723537168944,60.0,False,,0.0
sub-LIU_TLAO_s029,1,fam,fam,8,0.55801061339244,60.0,False,,35.440999999999974
sub-LIU_TLAO_s029,1,train,train-flip,9,0.5466911592154826,23.026,False,,2.1239999999999952
sub-LIU_TLAO_s029,1,fam,fam-flip,10,0.713125650707179,11.856,False,,7.736999999999998
sub-LIU_TLAO_s029,1,test,exp-flip,11,0.6366001988308636,60.0,False,,45.54499999999999
sub-LIU_TLAO_s029,1,test,unexp-flip,12,0.6578473972835575,10.285,False,,8.847999999999999
sub-LIU_TLAO_s029,1,test,exp-flip,13,0.8589720574798987,9.969,False,,9.969
sub-LIU_TLAO_s029,1,test,unexp-flip,14,0.6882182431235145,7.869,False,,7.034000000000001
sub-LIU_TLAO_s029,1,calibration-long,calib-long,15,0.5309677452946514,19.463,False,,14.396
sub-LIU_TLAO_s031,1,calibration-short,calib-short,1,0.8531083112089043,2.073,False,,2.073
sub-LIU_TLAO_s031,1,calibration-short,calib-short,1,0.8531083112089043,2.073,True,total on-look time in trial is less than the minimum cumulative duration (min_durationOn); ,2.073
sub-LIU_TLAO_s031,1,audio-test,audio-test,2,0.7103307017164069,17.433,False,,16.969
sub-LIU_TLAO_s031,1,train,train-flip,3,0.7382498763757005,60.0,False,,58.42299999999998
sub-LIU_TLAO_s031,1,fam,fam-flip,4,0.807423058871722,60.0,False,,56.877
sub-LIU_TLAO_s031,1,train,train,5,0.7119811307148903,33.336,False,,29.184
sub-LIU_TLAO_s031,1,fam,fam,6,0.5728826259605695,21.503,False,,21.464
sub-LIU_TLAO_s031,1,train,train-flip,7,0.6755087402475329,60.0,False,,60.0
sub-LIU_TLAO_s031,1,fam,fam-flip,8,0.6003001895840108,60.0,False,,18.516000000000005
sub-LIU_TLAO_s031,1,train,train,9,0.7213217828186986,60.0,False,,17.557999999999986
sub-LIU_TLAO_s031,1,fam,fam,10,0.6309254605774642,35.457,False,,5.984999999999996
sub-LIU_TLAO_s031,1,test,unexp-flip,11,0.7194494159813544,14.621,False,,5.438000000000001
sub-LIU_TLAO_s031,1,test,exp-flip,12,0.6737296367473187,15.272,False,,8.776
sub-LIU_TLAO_s031,1,test,unexp-flip,13,0.7142119003666771,9.0,False,,9.0
sub-LIU_TLAO_s031,1,test,exp-flip,14,0.7067982336416956,10.119,False,,9.442
sub-LIU_TLAO_s031,1,calibration-long,calib-long,15,0.5009200444334453,21.419,False,,0.4789999999999992
sub-LIU_TLAO_s032,1,calibration-short,calib-short,1,0.709029874507633,22.004,False,,20.678
sub-LIU_TLAO_s032,1,audio-test,audio-test,2,0.7471459648328679,17.369,False,,17.369
sub-LIU_TLAO_s032,1,train,train-flip,3,0.7710397028199981,60.0,False,,56.253
sub-LIU_TLAO_s032,1,fam,fam-flip,4,0.787947696257956,60.0,False,,60.0
sub-LIU_TLAO_s032,1,train,train,5,0.8100156126598208,60.0,False,,60.0
sub-LIU_TLAO_s032,1,fam,fam,6,0.8062412575972435,54.533,False,,48.167
sub-LIU_TLAO_s032,1,train,train-flip,7,0.8275923629016543,60.0,False,,55.651
sub-LIU_TLAO_s032,1,fam,fam-flip,8,0.9352663060268755,17.666,False,,11.593
sub-LIU_TLAO_s032,1,train,train,9,0.8909990533784475,60.0,False,,55.46000000000001
sub-LIU_TLAO_s032,1,fam,fam,10,0.7933504179586691,43.568,False,,16.097000000000005
sub-LIU_TLAO_s032,1,test,unexp-flip,11,0.8979989129740849,52.532,False,,38.254000000000005
sub-LIU_TLAO_s032,1,test,exp-flip,12,0.8484578533472121,21.571,False,,4.3210000000000015
sub-LIU_TLAO_s032,1,test,unexp-flip,13,0.9475348936697296,9.879,False,,4.606
sub-LIU_TLAO_s032,1,test,exp-flip,14,0.8647110485657592,46.613,False,,3.762000000000001
sub-LIU_TLAO_s032,1,calibration-long,calib-long,15,0.8469777670075405,20.004,False,,20.004
sub-LIU_TLAO_s033,1,calibration-short,calib-short,1,0.7683481296492476,21.965,False,,21.965
sub-LIU_TLAO_s033,1,audio-test,audio-test,2,0.781501787153716,20.774,False,,20.735
sub-LIU_TLAO_s033,1,train,train-flip,3,0.7592650740425955,60.0,False,,60.0
sub-LIU_TLAO_s033,1,fam,fam-flip,4,0.7650791222827216,25.23,False,,19.959
sub-LIU_TLAO_s033,1,train,train,5,0.7833947709087217,60.0,False,,38.483
sub-LIU_TLAO_s033,1,fam,fam,6,0.931645984933126,18.416,False,,13.944
sub-LIU_TLAO_s033,1,train,train-flip,7,0.8439080133909569,20.718,False,,16.094
sub-LIU_TLAO_s033,1,fam,fam-flip,8,0.7359829305408225,17.152,False,,12.229
sub-LIU_TLAO_s033,1,train,train,9,0.7722306758099005,36.281,False,,13.753
sub-LIU_TLAO_s033,1,fam,fam,10,0.8383837857529016,12.094,False,,11.817
sub-LIU_TLAO_s033,1,test,unexp-flip,11,0.7430622904607922,44.321,False,,37.757
sub-LIU_TLAO_s033,1,test,exp-flip,12,0.793671961642619,11.775,False,,5.446999999999999
sub-LIU_TLAO_s033,1,test,unexp-flip,13,0.6971709542428182,23.285,False,,12.442999999999998
sub-LIU_TLAO_s033,1,test,exp-flip,14,0.8192701541913255,55.209,False,,45.149
sub-LIU_TLAO_s033,1,calibration-long,calib-long,15,0.7924872695160821,20.15,False,,12.990999999999998
sub-LIU_TLAO_s034,1,calibration-short,calib-short,1,0.8105140505046402,22.705,False,,22.705
sub-LIU_TLAO_s034,1,audio-test,audio-test,2,0.8289200108761985,20.719,False,,20.719
sub-LIU_TLAO_s034,1,train,train,3,0.8206313558727283,60.0,False,,59.755
sub-LIU_TLAO_s034,1,fam,fam,4,0.7259253771080034,60.0,False,,59.609
sub-LIU_TLAO_s034,1,train,train-flip,5,0.7677770893769074,60.0,False,,60.0
sub-LIU_TLAO_s034,1,fam,fam-flip,6,0.7806223248035923,60.0,False,,56.27999999999999
sub-LIU_TLAO_s034,1,train,train,7,0.7404688256158461,34.667,False,,31.437
sub-LIU_TLAO_s034,1,fam,fam,8,0.7454033929513737,24.048,False,,16.567999999999994
sub-LIU_TLAO_s034,1,train,train-flip,9,0.821011879029316,60.0,False,,56.136
sub-LIU_TLAO_s034,1,fam,fam-flip,10,0.7939948020266389,34.614,False,,26.86800000000001
sub-LIU_TLAO_s034,1,test,exp,11,0.7793530875237904,28.534,False,,24.979
sub-LIU_TLAO_s034,1,test,unexp,12,0.6837076810389815,36.669,False,,29.117
sub-LIU_TLAO_s034,1,test,exp,13,0.7486443808585542,11.869,False,,1.548
sub-LIU_TLAO_s034,1,test,unexp,14,0.9549613429436764,11.743,False,,7.35
sub-LIU_TLAO_s034,1,calibration-long,calib-long,15,0.7527978166229492,20.685,False,,20.685
sub-LIU_TLAO_s036,1,calibration-short,calib-short,1,,20.015,False,,0.0
sub-LIU_TLAO_s036,1,audio-test,audio-test,2,0.8686709906919936,17.71,True,total on-look time in trial is less than the minimum cumulative duration (min_durationOn); ,0.0
sub-LIU_TLAO_s036,1,train,train,3,0.7637271033193542,60.0,False,,59.65799999999999
sub-LIU_TLAO_s036,1,fam,fam,4,0.7937145367450088,42.953,False,,41.997
sub-LIU_TLAO_s036,1,train,train-flip,5,0.7251567457458006,60.0,False,,60.0
sub-LIU_TLAO_s036,1,fam,fam-flip,6,0.873159723706063,42.002,False,,38.727
sub-LIU_TLAO_s036,1,train,train,7,0.7549284918424789,60.0,False,,57.169
sub-LIU_TLAO_s036,1,fam,fam,8,0.6924198422795019,38.473,False,,30.244
sub-LIU_TLAO_s036,1,train,train-flip,9,0.7192839684592107,60.0,False,,58.958
sub-LIU_TLAO_s036,1,fam,fam-flip,10,0.7996806663459408,42.931,False,,17.202
sub-LIU_TLAO_s036,1,test,exp,11,0.8043654668150527,10.27,False,,3.486
sub-LIU_TLAO_s036,1,test,unexp,12,0.6394327660559347,17.464,False,,3.8409999999999993
sub-LIU_TLAO_s036,1,test,exp,13,0.67493226230681,11.284,False,,5.099000000000001
sub-LIU_TLAO_s036,1,test,unexp,14,0.0741572678089142,11.086,False,,0.0
sub-LIU_TLAO_s036,1,calibration-long,calib-long,15,0.692279861547524,20.439,False,,19.799
sub-LIU_TLAO_s037,1,calibration-short,calib-short,1,0.8143536635992822,22.766,False,,22.565999999999995
sub-LIU_TLAO_s037,1,audio-test,audio-test,2,0.7831458141024139,17.114,False,,16.155
sub-LIU_TLAO_s037,1,train,train,3,0.7070310841065474,60.0,False,,60.0
sub-LIU_TLAO_s037,1,fam,fam,4,0.4081291030138722,60.0,False,,60.0
sub-LIU_TLAO_s037,1,train,train-flip,5,-1.0,60.0,False,,60.0
sub-LIU_TLAO_s037,1,fam,fam-flip,6,-1.0,60.0,False,,60.0
sub-LIU_TLAO_s037,1,train,train,7,-1.0,60.0,False,,60.0
sub-LIU_TLAO_s037,1,fam,fam,8,-1.0,60.0,False,,59.29
sub-LIU_TLAO_s037,1,train,train-flip,9,-1.0,60.0,False,,60.0
sub-LIU_TLAO_s037,1,fam,fam-flip,10,0.2383490402402917,60.0,False,,56.658
sub-LIU_TLAO_s037,1,test,exp,11,0.8522506879355692,60.0,False,,4.323
sub-LIU_TLAO_s037,1,test,unexp,12,0.528701126325566,60.0,False,,30.097
sub-LIU_TLAO_s037,1,test,exp,13,0.4526646323319016,60.0,False,,58.968
sub-LIU_TLAO_s037,1,test,unexp,14,0.6580707768749043,55.337,False,,21.10100000000001
sub-LIU_TLAO_s037,1,calibration-long,calib-long,15,0.8613006689089614,19.825,False,,19.825
sub-LIU_TLAO_s038,1,calibration-short,calib-short,1,0.640703158103928,19.774,False,,16.703
sub-LIU_TLAO_s038,1,audio-test,audio-test,2,0.6281218538671244,20.173,False,,14.543999999999995
sub-LIU_TLAO_s038,1,train,train-flip,3,-1.0,60.0,False,,60.0
sub-LIU_TLAO_s038,1,fam,fam-flip,4,-0.0470683233605491,60.0,False,,60.0
sub-LIU_TLAO_s038,1,train,train,5,0.3301275534860066,60.0,False,,33.53699999999999
sub-LIU_TLAO_s038,1,fam,fam,6,0.4512305590792465,37.672,False,,31.399999999999995
sub-LIU_TLAO_s038,1,train,train-flip,7,0.5631561558993085,60.0,False,,54.62300000000001
sub-LIU_TLAO_s038,1,fam,fam-flip,8,0.5852473596087618,18.118,False,,10.310999999999996
sub-LIU_TLAO_s038,1,train,train,9,0.8639078588236196,21.722,False,,10.760000000000003
sub-LIU_TLAO_s038,1,fam,fam,10,0.6805477354890678,16.798,False,,10.19
sub-LIU_TLAO_s038,1,test,unexp-flip,11,0.741407044700328,16.618,False,,9.231999999999998
sub-LIU_TLAO_s038,1,test,exp-flip,12,0.6637957505146667,14.852,False,,1.883000000000001
sub-LIU_TLAO_s038,1,test,unexp-flip,13,0.7258574127350669,21.636,False,,13.78199999999999
sub-LIU_TLAO_s038,1,test,exp-flip,14,0.8168227592276202,7.222,False,,1.5010000000000003
sub-LIU_TLAO_s038,1,calibration-long,calib-long,15,0.6769787636145022,19.356,False,,15.075
sub-LIU_TLAO_s039,1,audio-test,audio-test,1,0.6745098001834224,18.687,False,,0.0
sub-LIU_TLAO_s039,1,audio-test,audio-test,1,0.6745098001834224,18.687,True,total on-look time in trial is less than the minimum cumulative duration (min_durationOn); ,0.0
sub-LIU_TLAO_s039,1,calibration-short,calib-short,2,0.658130421970383,19.235,False,,10.641999999999996
sub-LIU_TLAO_s039,1,train,train,3,-1.0,60.0,False,,60.0
sub-LIU_TLAO_s039,1,fam,fam,4,-1.0,60.0,False,,60.0
sub-LIU_TLAO_s039,1,train,train-flip,5,-1.0,60.0,False,,60.0
sub-LIU_TLAO_s039,1,fam,fam-flip,6,-1.0,60.0,False,,60.0
sub-LIU_TLAO_s039,1,train,train,7,-1.0,60.0,False,,60.0
sub-LIU_TLAO_s039,1,fam,fam,8,-0.6241861495104704,60.0,False,,58.604
sub-LIU_TLAO_s039,1,train,train-flip,9,-1.0,60.0,False,,60.0
sub-LIU_TLAO_s039,1,fam,fam-flip,10,0.3997359635288225,33.77,False,,15.076999999999993
sub-LIU_TLAO_s039,1,test,exp-flip,11,-1.0,32.615,True,total on-look time in trial is less than the minimum cumulative duration (min_durationOn); Inattention; ,28.538
sub-LIU_TLAO_s039,1,test,unexp-flip,12,-0.1593478627895054,15.002,True,total on-look time in trial is less than the minimum cumulative duration (min_durationOn); Inattention; Inattention; ,5.82
sub-LIU_TLAO_s039,1,test,exp-flip,13,0.688328570816628,9.318,False,,2.906
sub-LIU_TLAO_s039,1,test,unexp-flip,14,0.7790452080222036,13.665,False,,9.431
sub-LIU_TLAO_s039,1,calibration-long,calib-long,15,0.6030299069116145,22.72,False,,9.572999999999986
sub-LIU_TLAO_s040,1,audio-test,audio-test,1,0.7177214674698142,26.338,False,,24.745
sub-LIU_TLAO_s040,1,calibration-short,calib-short,2,-1.0,19.4,False,,19.4
sub-LIU_TLAO_s040,1,train,train,3,-1.0,60.0,False,,60.0
sub-LIU_TLAO_s040,1,fam,fam,4,-1.0,60.0,False,,60.0
sub-LIU_TLAO_s040,1,train,train-flip,5,-1.0,60.0,False,,60.0
sub-LIU_TLAO_s040,1,fam,fam-flip,6,-1.0,60.0,False,,60.0
sub-LIU_TLAO_s040,1,train,train,7,-0.0078737319745147,60.0,False,,60.0
sub-LIU_TLAO_s040,1,fam,fam,8,-1.0,60.0,False,,60.0
sub-LIU_TLAO_s040,1,train,train-flip,9,-0.4354081253210703,60.0,False,,60.0
sub-LIU_TLAO_s040,1,fam,fam-flip,10,0.5711023528061141,47.698,False,,43.101
sub-LIU_TLAO_s040,1,test,exp,11,0.8313610632179084,15.949,False,,4.811999999999999
sub-LIU_TLAO_s040,1,test,unexp,12,0.789154815459834,14.256,False,,9.361999999999998
sub-LIU_TLAO_s040,1,test,exp,13,0.5946506573424237,17.399,False,,17.281
sub-LIU_TLAO_s040,1,test,unexp,14,0.4415966530583248,12.391,False,,5.385000000000001
sub-LIU_TLAO_s040,1,calibration-long,calib-long,15,0.3833703415156749,20.074,False,,19.318
sub-LIU_TLAO_s041,1,audio-test,audio-test,1,0.7916334394502552,16.972,False,,0.0
sub-LIU_TLAO_s041,1,audio-test,audio-test,1,0.7916334394502552,16.972,True,total on-look time in trial is less than the minimum cumulative duration (min_durationOn); ,0.0
sub-LIU_TLAO_s041,1,calibration-short,calib-short,2,0.7756640429695899,19.207,False,,19.207
sub-LIU_TLAO_s041,1,train,train,3,0.8197006239446303,60.0,False,,58.437
sub-LIU_TLAO_s041,1,fam,fam,4,0.7871037841296987,60.0,False,,60.0
sub-LIU_TLAO_s041,1,train,train-flip,5,0.7805090687850689,60.0,False,,58.877
sub-LIU_TLAO_s041,1,fam,fam-flip,6,0.7831120071327503,60.0,False,,56.823
sub-LIU_TLAO_s041,1,train,train,7,0.7092179958105924,43.961,False,,38.2
sub-LIU_TLAO_s041,1,fam,fam,8,0.7715611870849665,17.49,False,,12.140999999999996
sub-LIU_TLAO_s041,1,train,train-flip,9,0.797526100472313,17.235,False,,13.566
sub-LIU_TLAO_s041,1,fam,fam-flip,10,0.7473798180040329,15.085,False,,9.929000000000002
sub-LIU_TLAO_s041,1,test,exp-flip,11,0.7241677142499083,11.902,False,,7.358999999999999
sub-LIU_TLAO_s041,1,test,unexp-flip,12,0.958366921500078,11.836,False,,6.153
sub-LIU_TLAO_s041,1,test,exp-flip,13,0.6804256290056263,7.849,False,,3.608000000000001
sub-LIU_TLAO_s041,1,test,unexp-flip,14,0.5539225640995749,10.018,False,,4.525000000000001
sub-LIU_TLAO_s041,1,calibration-long,calib-long,15,0.917597989776736,23.386,False,,23.386
sub-LIU_TLAO_s043,1,audio-test,audio-test,1,0.7127231914195338,39.773,False,,25.157000000000004
sub-LIU_TLAO_s043,1,calibration-short,calib-short,2,0.734595195039935,22.353,False,,21.954
sub-LIU_TLAO_s043,1,train,train,3,0.657562544709439,43.899,False,,10.046999999999995
sub-LIU_TLAO_s043,1,fam,fam,4,0.70247127420515,45.535,False,,36.51099999999999
sub-LIU_TLAO_s043,1,train,train-flip,5,0.7833971427858883,28.023,False,,0.041999999999998
sub-LIU_TLAO_s043,1,fam,fam-flip,6,0.7284520153475382,48.831,False,,33.78599999999998
sub-LIU_TLAO_s043,1,train,train,7,0.939762491555441,7.965,False,,2.321
sub-LIU_TLAO_s043,1,fam,fam,8,0.8598768196322701,9.65,False,,3.2840000000000007
sub-LIU_TLAO_s043,1,train,train-flip,9,0.9185988115280792,9.737,True,total on-look time in trial is less than the minimum cumulative duration (min_durationOn); External distraction; ,4.720999999999999
sub-LIU_TLAO_s043,1,fam,fam-flip,10,-1.0,9.336,True,total on-look time in trial is less than the minimum cumulative duration (min_durationOn); External distraction; External distraction; ,3.476000000000001
sub-LIU_TLAO_s043,1,test,exp-flip,11,0.641232053363564,12.103,False,,6.969
sub-LIU_TLAO_s043,1,test,unexp-flip,12,0.6575902399996865,21.903,False,,15.07099999999999
sub-LIU_TLAO_s043,1,test,exp-flip,13,-1.0,20.312,False,,15.184
sub-LIU_TLAO_s043,1,test,unexp-flip,14,-1.0,10.148,False,,5.414
sub-LIU_TLAO_s043,1,calibration-long,calib-long,15,0.8219750029223316,20.721,False,,0.0
sub-LIU_TLAO_s044,1,audio-test,audio-test,1,0.5863051631647714,36.005,False,,11.850000000000003
sub-LIU_TLAO_s044,1,calibration-short,calib-short,2,0.6647636098644522,19.972,False,,19.315
sub-LIU_TLAO_s044,1,train,train,3,0.6401567385058866,33.902,False,,15.084999999999994
sub-LIU_TLAO_s044,1,fam,fam,4,0.7496791397588689,51.702,False,,45.91199999999999
sub-LIU_TLAO_s044,1,train,train-flip,5,0.6746907988999171,56.291,False,,49.499
sub-LIU_TLAO_s044,1,fam,fam-flip,6,0.9011872454702652,60.0,False,,0.0
sub-LIU_TLAO_s044,1,train,train,7,0.6827820039233429,60.0,False,,56.24599999999999
sub-LIU_TLAO_s044,1,fam,fam,8,0.8208178902095316,60.0,False,,59.1
sub-LIU_TLAO_s044,1,train,train-flip,9,0.7170505211074604,60.0,False,,57.45299999999999
sub-LIU_TLAO_s044,1,fam,fam-flip,10,0.8115834721499325,37.766,False,,29.448
sub-LIU_TLAO_s044,1,test,exp,11,0.7794262451937912,37.57,False,,31.41
sub-LIU_TLAO_s044,1,test,unexp,12,0.8701742739169791,14.649,False,,7.400999999999999
sub-LIU_TLAO_s044,1,test,exp,13,0.7969464813170778,11.133,False,,6.441999999999999
sub-LIU_TLAO_s044,1,test,unexp,14,0.544663987420071,7.802,False,,3.177
sub-LIU_TLAO_s044,1,calibration-long,calib-long,15,0.5379227384387781,19.719,False,,14.055
sub-LIU_TLAO_s045,1,audio-test,audio-test,1,0.7682578660609714,32.402,False,,29.886000000000003
sub-LIU_TLAO_s045,1,calibration-short,calib-short,2,0.8107230286560126,20.037,False,,19.918
sub-LIU_TLAO_s045,1,train,train-flip,3,0.7236195720461464,60.0,False,,56.548
sub-LIU_TLAO_s045,1,fam,fam-flip,4,0.8069485153805124,60.0,False,,59.26199999999999
sub-LIU_TLAO_s045,1,train,train,5,0.7408883721583482,60.0,False,,59.198
sub-LIU_TLAO_s045,1,fam,fam,6,0.8518711791035302,60.0,False,,51.994
sub-LIU_TLAO_s045,1,train,train-flip,7,0.6666764241191493,60.0,False,,56.57399999999999
sub-LIU_TLAO_s045,1,fam,fam-flip,8,0.7898576390013375,60.0,False,,20.273
sub-LIU_TLAO_s045,1,train,train,9,0.7602173421875401,60.0,False,,54.97899999999999
sub-LIU_TLAO_s045,1,fam,fam,10,0.80615151071458,60.0,False,,36.571000000000005
sub-LIU_TLAO_s045,1,test,unexp-flip,11,0.8013437156597084,30.974,False,,21.821
sub-LIU_TLAO_s045,1,test,exp-flip,12,0.7030933682174737,41.133,False,,36.34599999999998
sub-LIU_TLAO_s045,1,test,unexp-flip,13,0.8125162603802423,10.039,False,,6.272
sub-LIU_TLAO_s045,1,test,exp-flip,14,0.9287423062499542,10.636,False,,5.733
sub-LIU_TLAO_s045,1,calibration-long,calib-long,15,0.6183905928330206,20.958,False,,19.088
sub-LIU_TLAO_s046,1,audio-test,audio-test,1,0.8178407609822617,37.054,False,,36.055
sub-LIU_TLAO_s046,1,calibration-short,calib-short,2,0.8577566239057515,19.324,False,,19.324
sub-LIU_TLAO_s046,1,train,train,3,0.8305403493283613,60.0,False,,60.0
sub-LIU_TLAO_s046,1,fam,fam,4,0.7875110501819952,60.0,False,,60.0
sub-LIU_TLAO_s046,1,train,train-flip,5,0.745509684207492,60.0,False,,60.0
sub-LIU_TLAO_s046,1,fam,fam-flip,6,0.8377106457255311,60.0,False,,52.992
sub-LIU_TLAO_s046,1,train,train,7,0.7416347551187558,60.0,False,,59.347
sub-LIU_TLAO_s046,1,fam,fam,8,0.6096835754737564,53.811,False,,46.326
sub-LIU_TLAO_s046,1,train,train-flip,9,0.8467448771665816,37.837,False,,30.487
sub-LIU_TLAO_s046,1,fam,fam-flip,10,0.9097714237291804,14.002,False,,7.596999999999998
sub-LIU_TLAO_s046,1,test,exp-flip,11,0.763788115261501,60.0,False,,60.0
sub-LIU_TLAO_s046,1,test,unexp-flip,12,0.8753287330671988,60.0,False,,58.798
sub-LIU_TLAO_s046,1,test,exp-flip,13,0.6851762597553406,24.655,False,,17.74
sub-LIU_TLAO_s046,1,test,unexp-flip,14,0.6907752849276169,18.032,False,,10.848999999999998
sub-LIU_TLAO_s046,1,calibration-long,calib-long,15,0.6972200610925068,22.264,False,,19.393
sub-LIU_TLAO_s047,1,audio-test,audio-test,1,0.7256179683738285,39.269,False,,36.99499999999999
sub-LIU_TLAO_s047,1,calibration-short,calib-short,2,0.6913555117685403,19.138,False,,19.138
sub-LIU_TLAO_s047,1,train,train,3,0.723951896887553,60.0,False,,56.288
sub-LIU_TLAO_s047,1,fam,fam,4,-1.0,60.0,False,,60.0
sub-LIU_TLAO_s047,1,train,train-flip,5,-1.0,60.0,False,,60.0
sub-LIU_TLAO_s047,1,fam,fam-flip,6,-1.0,46.799,False,,40.52
sub-LIU_TLAO_s047,1,train,train,7,0.6239119787364201,60.0,False,,60.0
sub-LIU_TLAO_s047,1,fam,fam,8,-0.0880940852686762,60.0,False,,53.597
sub-LIU_TLAO_s047,1,train,train-flip,9,0.7204415061752468,39.56,False,,32.03099999999999
sub-LIU_TLAO_s047,1,fam,fam-flip,10,0.773278926306002,20.602,False,,14.566999999999991
sub-LIU_TLAO_s047,1,test,exp,11,0.6687283061566545,23.673,False,,17.81
sub-LIU_TLAO_s047,1,test,unexp,12,0.8252717448762343,29.734,False,,27.898
sub-LIU_TLAO_s047,1,test,exp,13,0.7003273279797205,22.451,False,,16.258999999999993
sub-LIU_TLAO_s047,1,test,unexp,14,0.7499460124280614,20.181,False,,13.826999999999998
sub-LIU_TLAO_s047,1,calibration-long,calib-long,15,0.9014838171675574,19.576,False,,19.576
sub-LIU_TLAO_s048,1,audio-test,audio-test,1,0.8078162323913043,39.718,False,,38.52
sub-LIU_TLAO_s048,1,calibration-short,calib-short,2,0.8442594641214842,20.688,False,,20.688
sub-LIU_TLAO_s048,1,train,train-flip,3,0.7829878290730145,60.0,False,,60.0
sub-LIU_TLAO_s048,1,fam,fam-flip,4,0.8333880688205777,60.0,False,,59.444
sub-LIU_TLAO_s048,1,train,train,5,0.8597345447708307,60.0,False,,57.145
sub-LIU_TLAO_s048,1,fam,fam,6,0.7778933644399634,37.202,False,,32.129
sub-LIU_TLAO_s048,1,train,train-flip,7,0.709177214182026,60.0,False,,48.951
sub-LIU_TLAO_s048,1,fam,fam-flip,8,0.8285029463751965,28.151,False,,24.201999999999995
sub-LIU_TLAO_s048,1,train,train,9,0.9862345820979068,8.676,False,,4.468
sub-LIU_TLAO_s048,1,fam,fam,10,0.8018875674485748,23.482,False,,8.761
sub-LIU_TLAO_s048,1,test,unexp,11,0.7427627219094171,11.148,False,,5.802999999999999
sub-LIU_TLAO_s048,1,test,exp,12,0.7513487799031145,32.153,False,,26.713999999999995
sub-LIU_TLAO_s048,1,test,unexp,13,0.8723267137445172,60.0,False,,50.844
sub-LIU_TLAO_s048,1,test,exp,14,0.7574936913672937,45.172,False,,25.69599999999999
sub-LIU_TLAO_s048,1,calibration-long,calib-long,15,0.4171720579089154,19.619,False,,16.742
sub-LIU_TLAO_s049,1,audio-test,audio-test,1,0.8149548702739233,36.302,False,,35.225
sub-LIU_TLAO_s049,1,calibration-short,calib-short,2,0.7392125222358136,19.407,False,,17.209
sub-LIU_TLAO_s049,1,train,train-flip,3,0.8366482434065333,60.0,False,,60.0
sub-LIU_TLAO_s049,1,fam,fam-flip,4,0.896569421974263,42.837,False,,1.7990000000000066
sub-LIU_TLAO_s049,1,train,train,5,0.7245183110378415,60.0,False,,55.28099999999999
sub-LIU_TLAO_s049,1,fam,fam,6,0.8897430684990975,27.452,False,,22.571
sub-LIU_TLAO_s049,1,train,train-flip,7,0.6741729757733762,23.049,False,,17.024
sub-LIU_TLAO_s049,1,fam,fam-flip,8,0.940848122518234,23.423,False,,14.855999999999986
sub-LIU_TLAO_s049,1,train,train,9,0.5237248967761899,21.639,False,,15.788
sub-LIU_TLAO_s049,1,fam,fam,10,0.7008942750409594,28.765,False,,21.55
sub-LIU_TLAO_s049,1,test,unexp,11,0.6632258953002356,35.669,False,,27.518999999999995
sub-LIU_TLAO_s049,1,test,exp,12,0.8693536059482968,29.385,False,,0.0
sub-LIU_TLAO_s049,1,test,unexp,13,0.5826614373727587,24.819,False,,1.6899999999999975
sub-LIU_TLAO_s049,1,test,exp,14,0.9527200952385898,19.956,False,,13.911
sub-LIU_TLAO_s049,1,calibration-long,calib-long,15,0.6330680561301308,19.782,False,,19.224
sub-LIU_TLAO_s050,1,audio-test,audio-test,1,0.7544760797500936,57.067,False,,0.0
sub-LIU_TLAO_s050,1,audio-test,audio-test,1,0.7544760797500936,57.067,True,total on-look time in trial is less than the minimum cumulative duration (min_durationOn); ,0.0
sub-LIU_TLAO_s050,1,calibration-short,calib-short,2,0.7334687911062115,19.406,False,,19.367
sub-LIU_TLAO_s050,1,train,train,3,0.7944635618260117,60.0,False,,59.769
sub-LIU_TLAO_s050,1,fam,fam,4,0.6960460362502577,60.0,False,,60.0
sub-LIU_TLAO_s050,1,train,train-flip,5,0.729555369327423,60.0,False,,56.134999999999984
sub-LIU_TLAO_s050,1,fam,fam-flip,6,0.7352487800070671,60.0,False,,53.32599999999999
sub-LIU_TLAO_s050,1,train,train,7,0.7528544456078832,42.841,False,,30.06699999999997
sub-LIU_TLAO_s050,1,fam,fam,8,0.8538686544735278,25.801,False,,19.146999999999995
sub-LIU_TLAO_s050,1,train,train-flip,9,0.6780321087736026,13.799,False,,9.291
sub-LIU_TLAO_s050,1,fam,fam-flip,10,0.7448994795107198,15.652,False,,11.274
sub-LIU_TLAO_s050,1,test,exp,11,0.6811429504075168,10.066,False,,6.476000000000002
sub-LIU_TLAO_s050,1,test,unexp,12,0.853272213290135,10.532,False,,6.463000000000002
sub-LIU_TLAO_s050,1,test,exp,13,-1.0,10.656,False,,6.182000000000001
sub-LIU_TLAO_s050,1,test,unexp,14,0.7958566887000312,15.003,False,,12.007
sub-LIU_TLAO_s050,1,calibration-long,calib-long,15,0.7003193973926223,20.219,False,,19.671
sub-LIU_TLAO_s051,1,audio-test,audio-test,1,0.7572677706152852,60.0,False,,0.0
sub-LIU_TLAO_s051,1,audio-test,audio-test,1,0.7572677706152852,60.0,True,total on-look time in trial is less than the minimum cumulative duration (min_durationOn); ,0.0
sub-LIU_TLAO_s051,1,calibration-short,calib-short,2,0.8412189416133306,20.889,False,,20.65
sub-LIU_TLAO_s051,1,train,train,3,0.7762846993147251,60.0,False,,59.757
sub-LIU_TLAO_s051,1,fam,fam,4,0.8331827183921134,60.0,False,,60.0
sub-LIU_TLAO_s051,1,train,train-flip,5,0.8363497261671299,60.0,False,,60.0
sub-LIU_TLAO_s051,1,fam,fam-flip,6,0.8849282944286897,60.0,False,,58.586
sub-LIU_TLAO_s051,1,train,train,7,0.8503972940209806,60.0,False,,57.943
sub-LIU_TLAO_s051,1,fam,fam,8,0.7030127106927706,60.0,False,,58.555
sub-LIU_TLAO_s051,1,train,train-flip,9,0.7034684704463213,60.0,False,,60.0
sub-LIU_TLAO_s051,1,fam,fam-flip,10,0.6876004497063297,30.324,False,,23.14599999999998
sub-LIU_TLAO_s051,1,test,exp,11,0.6512640908417557,60.0,False,,51.04499999999999
sub-LIU_TLAO_s051,1,test,unexp,12,0.7020990284123584,22.352,False,,13.471999999999992
sub-LIU_TLAO_s051,1,test,exp,13,0.7122995549085213,23.338,False,,15.437999999999988
sub-LIU_TLAO_s051,1,test,unexp,14,0.6217693824443843,14.906,False,,6.808000000000002
sub-LIU_TLAO_s051,1,calibration-long,calib-long,15,0.6670200704734215,20.402,False,,19.886
sub-LIU_TLAO_s052,1,audio-test,audio-test,1,0.8521248199925507,37.472,False,,0.0
sub-LIU_TLAO_s052,1,audio-test,audio-test,1,0.8521248199925507,37.472,True,total on-look time in trial is less than the minimum cumulative duration (min_durationOn); ,0.0
sub-LIU_TLAO_s052,1,calibration-short,calib-short,2,0.6935244690674015,21.132,False,,18.334000000000003
sub-LIU_TLAO_s052,1,train,train,3,0.7474445824725405,60.0,False,,37.932
sub-LIU_TLAO_s052,1,fam,fam,4,0.7834601833622878,60.0,False,,53.251
sub-LIU_TLAO_s052,1,train,train-flip,5,0.8349395403214369,60.0,False,,57.821
sub-LIU_TLAO_s052,1,fam,fam-flip,6,0.7624972378769496,18.753,False,,12.709999999999996
sub-LIU_TLAO_s052,1,train,train,7,0.797112934643198,60.0,False,,51.92600000000001
sub-LIU_TLAO_s052,1,fam,fam,8,0.7264850034425698,23.628,False,,16.303999999999995
sub-LIU_TLAO_s052,1,train,train-flip,9,0.7934577350918256,60.0,False,,34.952
sub-LIU_TLAO_s052,1,fam,fam-flip,10,0.8605349090109523,13.305,False,,9.749
sub-LIU_TLAO_s052,1,test,exp,11,0.8826869582148235,25.902,False,,20.264
sub-LIU_TLAO_s052,1,test,unexp,12,0.7849049410312522,17.849,False,,12.959
sub-LIU_TLAO_s052,1,test,exp,13,0.7988154644834923,22.185,False,,15.858
sub-LIU_TLAO_s052,1,test,unexp,14,0.8358264393029053,11.835,False,,6.804
sub-LIU_TLAO_s052,1,calibration-long,calib-long,15,0.7073451531596365,19.99,False,,19.99
sub-LIU_TLAO_s054,1,audio-test,audio-test,1,0.4470648334576534,46.091,False,,5.172000000000004
sub-LIU_TLAO_s054,1,audio-test,audio-test,1,0.4470648334576534,46.091,True,average on-look confidence of iCatcher for trial is below minimum (min_icatcher_confidence); ,5.172000000000004
sub-LIU_TLAO_s054,1,calibration-short,calib-short,2,0.9807643183178076,19.213,False,,19.213
sub-LIU_TLAO_s054,1,train,train-flip,3,0.6303860657152194,60.0,False,,13.385999999999989
sub-LIU_TLAO_s054,1,fam,fam-flip,4,-1.0,17.39,False,,9.951
sub-LIU_TLAO_s054,1,train,train,5,0.2717114567756652,50.003,False,,49.765
sub-LIU_TLAO_s054,1,fam,fam,6,0.0975011894577427,16.305,False,,11.599999999999996
sub-LIU_TLAO_s054,1,train,train-flip,7,0.6202606474664452,60.0,False,,34.129000000000005
sub-LIU_TLAO_s054,1,fam,fam-flip,8,-0.0172639584967068,10.254,False,,5.253999999999998
sub-LIU_TLAO_s054,1,train,train,9,0.4327497805158297,39.341,False,,34.465
sub-LIU_TLAO_s054,1,fam,fam,10,-1.0,10.518,False,,6.681000000000001
sub-LIU_TLAO_s054,1,test,unexp-flip,11,-1.0,10.512,False,,5.161999999999999
sub-LIU_TLAO_s054,1,test,exp-flip,12,0.8535903136358195,9.789,False,,4.142
sub-LIU_TLAO_s054,1,test,unexp-flip,13,0.8818885337305552,11.613,False,,6.920000000000001
sub-LIU_TLAO_s054,1,test,exp-flip,14,,11.59,False,,0.7250000000000014
sub-LIU_TLAO_s054,1,calibration-long,calib-long,15,0.7863093013651267,20.301,False,,0.0
sub-LIU_TLAO_s055,1,audio-test,audio-test,1,0.697359497684488,17.565,False,,17.362000000000002
sub-LIU_TLAO_s055,1,calibration-short,calib-short,2,-0.0724206280033543,21.472,False,,21.472
sub-LIU_TLAO_s055,1,train,train-flip,3,0.3544392809177081,60.0,False,,37.879
sub-LIU_TLAO_s055,1,fam,fam-flip,4,-1.0,60.0,False,,60.0
sub-LIU_TLAO_s055,1,train,train,5,-1.0,48.706,False,,43.905
sub-LIU_TLAO_s055,1,fam,fam,6,0.5450219275759991,35.453,False,,28.686
sub-LIU_TLAO_s055,1,train,train-flip,7,-0.2250611804425716,23.517,False,,14.596
sub-LIU_TLAO_s055,1,fam,fam-flip,8,-0.2118920683860778,17.347,False,,12.574000000000002
sub-LIU_TLAO_s055,1,train,train,9,0.4733613155263684,19.619,False,,14.615
sub-LIU_TLAO_s055,1,fam,fam,10,0.8789283931255341,9.309,False,,4.573999999999999
sub-LIU_TLAO_s055,1,test,unexp-flip,11,-1.0,19.212,False,,14.646999999999998
sub-LIU_TLAO_s055,1,test,exp-flip,12,0.7412973186488819,21.295,False,,8.337
sub-LIU_TLAO_s055,1,test,unexp-flip,13,0.930267313061481,20.969,False,,0.0
sub-LIU_TLAO_s055,1,test,exp-flip,14,0.5907041959932652,12.43,False,,2.5329999999999995
sub-LIU_TLAO_s055,1,calibration-long,calib-long,15,0.6445708620144173,19.681,False,,4.802999999999999
sub-LIU_TLAO_s056,1,audio-test,audio-test,1,0.591050339190369,16.535,False,,14.259
sub-LIU_TLAO_s056,1,calibration-short,calib-short,2,0.2723372757434845,19.847,False,,17.130999999999997
sub-LIU_TLAO_s056,1,train,train-flip,3,-1.0,60.0,False,,60.0
sub-LIU_TLAO_s056,1,fam,fam-flip,4,-1.0,52.493,False,,48.966
sub-LIU_TLAO_s056,1,train,train,5,0.6868648117679529,60.0,False,,60.0
sub-LIU_TLAO_s056,1,fam,fam,6,-0.5171725628739696,56.871,False,,27.638
sub-LIU_TLAO_s056,1,train,train-flip,7,-0.4426090240478516,60.0,False,,59.183
sub-LIU_TLAO_s056,1,fam,fam-flip,8,-1.0,19.351,False,,14.975
sub-LIU_TLAO_s056,1,train,train,9,0.8094184763848785,60.0,False,,56.83299999999999
sub-LIU_TLAO_s056,1,fam,fam,10,0.4049378008209438,36.865,False,,27.3
sub-LIU_TLAO_s056,1,test,unexp,11,0.8393148144086202,10.587,False,,3.9940000000000007
sub-LIU_TLAO_s056,1,test,exp,12,0.404793421964598,11.61,False,,7.772
sub-LIU_TLAO_s056,1,test,unexp,13,,10.495,False,,0.2350000000000003
sub-LIU_TLAO_s056,1,test,exp,14,0.6938619136810302,9.297,False,,4.174000000000002
sub-LIU_TLAO_s056,1,calibration-long,calib-long,15,0.0576325811090923,20.847,False,,20.494
sub-LIU_TLAO_s057,1,audio-test,audio-test,1,0.8475455322460864,26.099,False,,26.099
sub-LIU_TLAO_s057,1,calibration-short,calib-short,2,0.966842796727344,19.219,False,,19.219
sub-LIU_TLAO_s057,1,train,train,3,0.7227996214355911,60.0,False,,57.052999999999976
sub-LIU_TLAO_s057,1,fam,fam,4,0.7762862611245156,60.0,False,,58.21299999999999
sub-LIU_TLAO_s057,1,train,train-flip,5,0.6398656371894176,60.0,False,,23.638999999999992
sub-LIU_TLAO_s057,1,fam,fam-flip,6,0.8508028906819086,60.0,False,,34.813999999999986
sub-LIU_TLAO_s057,1,train,train,7,0.7937786677963987,38.083,False,,31.064
sub-LIU_TLAO_s057,1,fam,fam,8,0.7551001395943011,33.695,False,,13.371
sub-LIU_TLAO_s057,1,train,train-flip,9,0.7466591763123366,36.997,False,,28.575
sub-LIU_TLAO_s057,1,fam,fam-flip,10,0.7109794221751465,32.086,False,,27.793
sub-LIU_TLAO_s057,1,test,exp-flip,11,0.8481082219179915,60.0,False,,59.49699999999999
sub-LIU_TLAO_s057,1,test,unexp-flip,12,0.7823414386408961,49.864,False,,38.418
sub-LIU_TLAO_s057,1,test,exp-flip,13,0.9305619642469618,11.341,False,,5.001999999999999
sub-LIU_TLAO_s057,1,test,unexp-flip,14,0.7479466514975968,9.174,False,,5.033
sub-LIU_TLAO_s057,1,calibration-long,calib-long,15,0.7494863178048815,19.234,False,,19.234
sub-LIU_TLAO_s059,1,audio-test,audio-test,1,0.6530814928167007,15.456,False,,2.228
sub-LIU_TLAO_s059,1,audio-test,audio-test,1,0.6530814928167007,15.456,True,total on-look time in trial is less than the minimum cumulative duration (min_durationOn); ,2.228
sub-LIU_TLAO_s059,1,calibration-short,calib-short,2,0.6526081094326313,20.14,False,,20.021
sub-LIU_TLAO_s059,1,train,train-flip,3,0.720037965865734,60.0,False,,59.448
sub-LIU_TLAO_s059,1,fam,fam-flip,4,0.8140403179089497,36.721,False,,32.846999999999994
sub-LIU_TLAO_s059,1,train,train,5,0.7864403255168974,60.0,False,,59.115
sub-LIU_TLAO_s059,1,fam,fam,6,0.6346079488203848,39.144,False,,19.849
sub-LIU_TLAO_s059,1,train,train-flip,7,0.7096785293885016,41.104,False,,36.92399999999999
sub-LIU_TLAO_s059,1,fam,fam-flip,8,-0.0738681008418401,19.086,False,,15.032999999999994
sub-LIU_TLAO_s059,1,train,train,9,0.6865301567726708,37.718,False,,31.009000000000004
sub-LIU_TLAO_s059,1,fam,fam,10,0.7086811840532383,15.319,False,,3.0410000000000004
sub-LIU_TLAO_s059,1,test,unexp,11,0.4052624824478338,25.54,False,,18.146
sub-LIU_TLAO_s059,1,test,exp,12,0.4599176088970891,30.085,False,,22.526000000000003
sub-LIU_TLAO_s059,1,test,unexp,13,0.4583560092682346,14.069,False,,12.393
sub-LIU_TLAO_s059,1,test,exp,14,-0.4343278110027313,10.139,False,,0.0
sub-LIU_TLAO_s059,1,calibration-long,calib-long,15,0.6102828210410363,19.885,False,,17.532
sub-LIU_TLAO_s060,1,audio-test,audio-test,1,0.5718826801250024,18.679,False,,14.626999999999986
sub-LIU_TLAO_s060,1,calibration-short,calib-short,2,-1.0,19.734,False,,19.734
sub-LIU_TLAO_s060,1,train,train-flip,3,-1.0,60.0,False,,60.0
sub-LIU_TLAO_s060,1,fam,fam-flip,4,0.193300907810529,60.0,False,,60.0
sub-LIU_TLAO_s060,1,train,train,5,-1.0,60.0,False,,60.0
sub-LIU_TLAO_s060,1,fam,fam,6,-1.0,60.0,False,,60.0
sub-LIU_TLAO_s060,1,train,train-flip,7,-1.0,60.0,False,,60.0
sub-LIU_TLAO_s060,1,fam,fam-flip,8,-1.0,60.0,False,,60.0
sub-LIU_TLAO_s060,1,train,train,9,0.3838133088610044,29.069,False,,13.678
sub-LIU_TLAO_s060,1,fam,fam,10,0.5706027367501186,60.0,False,,4.1059999999999945
sub-LIU_TLAO_s060,1,test,unexp-flip,11,-1.0,56.948,False,,52.555
sub-LIU_TLAO_s060,1,test,exp-flip,12,0.3844595498552448,27.12,False,,7.318000000000001
sub-LIU_TLAO_s060,1,test,unexp-flip,13,-1.0,11.094,False,,6.582
sub-LIU_TLAO_s060,1,test,exp-flip,14,-1.0,7.251,False,,2.4450000000000003
sub-LIU_TLAO_s060,1,calibration-long,calib-long,15,0.6226305354881736,20.903,False,,0.0
sub-LIU_TLAO_s061,1,audio-test,audio-test,1,,22.216,False,,1.0129999999999946
sub-LIU_TLAO_s061,1,audio-test,audio-test,1,,22.216,True,total on-look time in trial is less than the minimum cumulative duration (min_durationOn); ,1.0129999999999946
sub-LIU_TLAO_s061,1,calibration-short,calib-short,2,0.6023873949492419,19.472,True,total on-look time in trial is less than the minimum cumulative duration (min_durationOn); Caregiver interference; ,7.812999999999999
sub-LIU_TLAO_s061,1,train,train,3,-1.0,60.0,False,,59.497
sub-LIU_TLAO_s061,1,fam,fam,4,-1.0,60.0,False,,42.1
sub-LIU_TLAO_s061,1,train,train-flip,5,-1.0,60.0,False,,58.43
sub-LIU_TLAO_s061,1,fam,fam-flip,6,-1.0,46.523,False,,17.705000000000002
sub-LIU_TLAO_s061,1,train,train,7,-0.5355735123157501,60.0,False,,56.96600000000001
sub-LIU_TLAO_s061,1,fam,fam,8,-1.0,25.553,False,,20.431
sub-LIU_TLAO_s061,1,train,train-flip,9,-1.0,60.0,False,,58.683
sub-LIU_TLAO_s061,1,fam,fam-flip,10,-1.0,19.466,False,,18.827
sub-LIU_TLAO_s061,1,test,exp-flip,11,-1.0,31.721,False,,25.872
sub-LIU_TLAO_s061,1,test,unexp-flip,12,-1.0,17.656,False,,13.006999999999998
sub-LIU_TLAO_s061,1,test,exp-flip,13,-1.0,22.74,False,,16.323999999999998
sub-LIU_TLAO_s061,1,test,unexp-flip,14,-1.0,16.11,False,,12.475
sub-LIU_TLAO_s061,1,calibration-long,calib-long,15,0.1949112187887047,19.7,False,,15.669999999999993
sub-LIU_TLAO_s062,1,audio-test,audio-test,1,0.7302027378921156,19.962,False,,0.1640000000000014
sub-LIU_TLAO_s062,1,audio-test,audio-test,1,0.7302027378921156,19.962,True,total on-look time in trial is less than the minimum cumulative duration (min_durationOn); ,0.1640000000000014
sub-LIU_TLAO_s062,1,calibration-short,calib-short,2,0.720630093858339,21.183,False,,18.347
sub-LIU_TLAO_s062,1,train,train,3,0.7511077027608299,60.0,False,,0.0
sub-LIU_TLAO_s062,1,fam,fam,4,0.7595624145670913,60.0,False,,30.585000000000004
sub-LIU_TLAO_s062,1,train,train-flip,5,0.8392013123546835,60.0,False,,2.397999999999996
sub-LIU_TLAO_s062,1,fam,fam-flip,6,0.756504623405666,38.946,False,,38.387
sub-LIU_TLAO_s062,1,train,train,7,0.8128948130386593,48.177,False,,2.6439999999999984
sub-LIU_TLAO_s062,1,fam,fam,8,0.7440363998198356,34.18,False,,28.341
sub-LIU_TLAO_s062,1,train,train-flip,9,0.7673683306021623,60.0,False,,2.230000000000004
sub-LIU_TLAO_s062,1,fam,fam-flip,10,0.7014038992801868,38.524,False,,35.926
sub-LIU_TLAO_s062,1,test,exp-flip,11,0.7356909445497916,54.988,False,,2.801000000000002
sub-LIU_TLAO_s062,1,test,unexp-flip,12,0.7447712809721821,28.666,False,,26.27
sub-LIU_TLAO_s062,1,test,exp-flip,13,0.7264756925662965,44.274,False,,1.2010000000000003
sub-LIU_TLAO_s062,1,test,unexp-flip,14,0.7967075202264654,19.186,False,,0.0
sub-LIU_TLAO_s062,1,calibration-long,calib-long,15,0.7952719319233281,19.2,False,,3.001999999999999
sub-LIU_TLAO_s063,1,audio-test,audio-test,1,0.708167212649213,18.119,False,,3.3259999999999987
sub-LIU_TLAO_s063,1,calibration-short,calib-short,2,0.6177801048406563,19.83,False,,1.8039999999999985
sub-LIU_TLAO_s063,1,train,train-flip,3,-0.4273389291388902,60.0,False,,3.854999999999997
sub-LIU_TLAO_s063,1,fam,fam-flip,4,0.125921393035324,60.0,False,,48.45799999999998
sub-LIU_TLAO_s063,1,train,train,5,-1.0,60.0,False,,59.244
sub-LIU_TLAO_s063,1,fam,fam,6,-0.5290995329618454,60.0,False,,33.011
sub-LIU_TLAO_s063,1,train,train-flip,7,,60.0,False,,60.0
sub-LIU_TLAO_s063,1,fam,fam-flip,8,,34.266,False,,34.266
sub-LIU_TLAO_s063,1,train,train,9,,60.0,False,,60.0
sub-LIU_TLAO_s063,1,fam,fam,10,,32.56,False,,32.56
sub-LIU_TLAO_s063,1,test,unexp,11,,39.794,False,,39.794
sub-LIU_TLAO_s063,1,test,exp,12,,47.058,False,,47.058
sub-LIU_TLAO_s063,1,test,unexp,13,,14.769,False,,14.769
sub-LIU_TLAO_s063,1,test,exp,14,,32.881,False,,32.881
sub-LIU_TLAO_s063,1,calibration-long,calib-long,15,,19.221,False,,19.221
sub-LIU_TLAO_s067,1,audio-test,audio-test,1,0.7598342507698174,38.335,False,,34.959
sub-LIU_TLAO_s067,1,calibration-short,calib-short,2,0.6028293333119816,20.15,False,,19.913
sub-LIU_TLAO_s067,1,train,train-flip,3,0.7864926713855498,60.0,False,,41.714
sub-LIU_TLAO_s067,1,fam,fam-flip,4,0.7480439129951294,60.0,False,,60.0
sub-LIU_TLAO_s067,1,train,train,5,0.8063252445090489,45.754,False,,38.356
sub-LIU_TLAO_s067,1,fam,fam,6,0.7056178201328634,43.673,False,,23.756
sub-LIU_TLAO_s067,1,train,train-flip,7,0.6460320895605551,60.0,False,,52.81299999999999
sub-LIU_TLAO_s067,1,fam,fam-flip,8,0.4559072977980307,28.192,False,,27.115
sub-LIU_TLAO_s067,1,train,train,9,0.850549671227339,17.437,False,,3.992000000000001
sub-LIU_TLAO_s067,1,fam,fam,10,0.6333058266434561,15.223,False,,10.237000000000002
sub-LIU_TLAO_s067,1,test,unexp,11,0.8239675333350898,15.455,False,,9.419999999999998
sub-LIU_TLAO_s067,1,test,exp,12,0.7404931584993998,6.266,False,,1.6689999999999996
sub-LIU_TLAO_s067,1,test,unexp,13,0.9399856534424952,13.806,False,,7.698
sub-LIU_TLAO_s067,1,test,exp,14,0.8355657253183332,14.454,False,,8.066
sub-LIU_TLAO_s067,1,calibration-long,calib-long,15,0.7405107451380559,19.748,False,,19.748
sub-LIU_TLAO_s069,1,audio-test,audio-test,1,0.7173639742227701,15.925,False,,5.731
sub-LIU_TLAO_s069,1,calibration-short,calib-short,2,0.6617750341462802,19.199,False,,19.0
sub-LIU_TLAO_s069,1,train,train,3,0.6578304265607648,60.0,False,,58.624
sub-LIU_TLAO_s069,1,fam,fam,4,0.755036868303113,60.0,False,,44.038
sub-LIU_TLAO_s069,1,train,train-flip,5,0.823211459501799,60.0,False,,59.97099999999999
sub-LIU_TLAO_s069,1,fam,fam-flip,6,0.804633358165448,60.0,False,,59.05099999999999
sub-LIU_TLAO_s069,1,train,train,7,0.7479898240168479,60.0,False,,57.85
sub-LIU_TLAO_s069,1,fam,fam,8,0.6351672908981444,60.0,False,,46.88999999999999
sub-LIU_TLAO_s069,1,train,train-flip,9,0.5298716840928974,60.0,False,,13.565000000000005
sub-LIU_TLAO_s069,1,fam,fam-flip,10,0.4520961630994761,49.441,False,,9.797000000000004
sub-LIU_TLAO_s069,1,test,exp-flip,11,0.7002530426647168,55.864,True,total on-look time in trial is less than the minimum cumulative duration (min_durationOn); External distraction; ,42.376
sub-LIU_TLAO_s069,1,test,unexp-flip,12,0.9516970660626604,13.416,True,total on-look time in trial is less than the minimum cumulative duration (min_durationOn); External distraction; External distraction; ,7.733999999999998
sub-LIU_TLAO_s069,1,test,exp-flip,13,0.7070477885007859,20.584,False,,10.972999999999995
sub-LIU_TLAO_s069,1,test,unexp-flip,14,0.6647650752848852,16.499,False,,5.251
sub-LIU_TLAO_s069,1,calibration-long,calib-long,15,0.6571589561069713,19.233,True,total on-look time in trial is less than the minimum cumulative duration (min_durationOn); External distraction; External distraction; External distraction; ,7.405999999999995
sub-LIU_TLAO_s070,1,audio-test,audio-test,1,0.6366173826815704,60.0,False,,36.756
sub-LIU_TLAO_s070,1,calibration-short,calib-short,2,,20.061,False,,16.881999999999998
sub-LIU_TLAO_s070,1,train,train,3,0.6074745397945369,44.385,False,,35.493999999999986
sub-LIU_TLAO_s070,1,fam,fam,4,0.7590873030352648,60.0,False,,59.59799999999999
sub-LIU_TLAO_s070,1,train,train-flip,5,0.7481141321248177,60.0,False,,56.96699999999999
sub-LIU_TLAO_s070,1,fam,fam-flip,6,0.6520085522422084,60.0,False,,56.67299999999999
sub-LIU_TLAO_s070,1,train,train,7,0.6173353060219785,60.0,False,,56.71699999999999
sub-LIU_TLAO_s070,1,fam,fam,8,0.6235991930939031,60.0,False,,45.404
sub-LIU_TLAO_s070,1,train,train-flip,9,0.5814880300745725,60.0,False,,48.917
sub-LIU_TLAO_s070,1,fam,fam-flip,10,0.6596698169906933,21.215,False,,15.620999999999997
sub-LIU_TLAO_s070,1,test,exp-flip,11,0.6642558045191012,60.0,False,,54.999999999999964
sub-LIU_TLAO_s070,1,test,unexp-flip,12,0.6198458715116957,31.956,False,,20.7
sub-LIU_TLAO_s070,1,test,exp-flip,13,0.7283479326537677,15.542,False,,10.221
sub-LIU_TLAO_s070,1,test,unexp-flip,14,0.8263579686165388,15.971,False,,11.443
sub-LIU_TLAO_s070,1,calibration-long,calib-long,15,0.6955362434511061,19.481,False,,18.051
sub-LIU_TLAO_s071,1,audio-test,audio-test,1,0.8100779665091996,14.966,False,,14.54
sub-LIU_TLAO_s071,1,calibration-short,calib-short,2,0.7055015620521955,27.545,True,total on-look time in trial is less than the minimum cumulative duration (min_durationOn); ,1.5210000000000008
sub-LIU_TLAO_s071,1,calibration-short,calib-short,2,0.7055015620521955,27.545,False,,1.5210000000000008
sub-LIU_TLAO_s071,1,train,train-flip,3,0.717597665568516,60.0,False,,59.470000000000006
sub-LIU_TLAO_s071,1,fam,fam-flip,4,0.7488798134477387,18.617,False,,18.617
sub-LIU_TLAO_s071,1,train,train,5,0.7393483315837065,60.0,False,,0.0
sub-LIU_TLAO_s071,1,fam,fam,6,0.6970516532735107,21.815,False,,21.256
sub-LIU_TLAO_s071,1,train,train-flip,7,0.7358101919011065,60.0,False,,0.9600000000000009
sub-LIU_TLAO_s071,1,fam,fam-flip,8,0.7687315559444832,60.0,False,,57.61599999999999
sub-LIU_TLAO_s071,1,train,train,9,0.7679139110422694,58.155,False,,0.0
sub-LIU_TLAO_s071,1,fam,fam,10,0.7392336131041775,25.515,False,,1.3049999999999995
sub-LIU_TLAO_s071,1,test,unexp,11,0.8981461459862249,46.425,False,,1.296999999999997
sub-LIU_TLAO_s071,1,test,exp,12,0.9164912641038336,12.92,False,,1.3320000000000007
sub-LIU_TLAO_s071,1,test,unexp,13,0.8907328536586155,16.034,False,,1.1659999999999986
sub-LIU_TLAO_s071,1,test,exp,14,0.7816928821242345,26.449,False,,1.618000000000002
sub-LIU_TLAO_s071,1,calibration-long,calib-long,15,0.7157260815405535,19.183,False,,1.3610000000000009
sub-LIU_TLAO_s072,1,audio-test,audio-test,1,0.8704387396625969,23.69,False,,23.69
sub-LIU_TLAO_s072,1,calibration-short,calib-short,2,0.6699697030905915,19.204,False,,19.204
sub-LIU_TLAO_s072,1,train,train-flip,3,0.6753288493479954,60.0,False,,60.0
sub-LIU_TLAO_s072,1,fam,fam-flip,4,0.8567779289349262,60.0,False,,60.0
sub-LIU_TLAO_s072,1,train,train,5,0.867994193685872,60.0,False,,60.0
sub-LIU_TLAO_s072,1,fam,fam,6,0.830842566298642,60.0,False,,60.0
sub-LIU_TLAO_s072,1,train,train-flip,7,0.7591852858651057,60.0,False,,59.63699999999999
sub-LIU_TLAO_s072,1,fam,fam-flip,8,0.7921873553033216,60.0,False,,60.0
sub-LIU_TLAO_s072,1,train,train,9,0.7727291194625402,60.0,False,,60.0
sub-LIU_TLAO_s072,1,fam,fam,10,0.8212208234203613,60.0,False,,50.512
sub-LIU_TLAO_s072,1,test,unexp-flip,11,0.7915535039789688,60.0,False,,45.566
sub-LIU_TLAO_s072,1,test,exp-flip,12,0.6106189262082895,35.482,False,,11.098
sub-LIU_TLAO_s072,1,test,unexp-flip,13,0.5403470815739242,60.0,False,,55.574
sub-LIU_TLAO_s072,1,test,exp-flip,14,-0.0135216195332376,10.967,False,,5.721
sub-LIU_TLAO_s072,1,calibration-long,calib-long,15,0.5945524121863451,19.244,False,,19.244
sub-LIU_TLAO_s075,1,audio-test,audio-test,1,0.9104018826025764,38.342,False,,3.4409999999999954
sub-LIU_TLAO_s075,1,calibration-short,calib-short,2,0.9704899724943248,19.525,False,,17.532999999999994
sub-LIU_TLAO_s075,1,train,train,3,0.7315940908508743,57.69,False,,28.096
sub-LIU_TLAO_s075,1,fam,fam,4,0.7091389235289518,19.167,False,,10.344
sub-LIU_TLAO_s075,1,train,train-flip,5,-0.5753828436136246,32.763,False,,2.674999999999997
sub-LIU_TLAO_s075,1,fam,fam-flip,6,0.4529731630997458,28.923,False,,10.730999999999998
sub-LIU_TLAO_s075,1,train,train,7,0.7627748454616942,34.952,False,,27.086
sub-LIU_TLAO_s075,1,fam,fam,8,0.3929666518864005,14.183,False,,6.797
sub-LIU_TLAO_s075,1,train,train-flip,9,0.2089485035588343,22.716,False,,11.384
sub-LIU_TLAO_s075,1,fam,fam-flip,10,0.6138867195695639,26.057,False,,15.477
sub-LIU_TLAO_s075,1,test,exp,11,0.7653749943105873,28.118,False,,25.245
sub-LIU_TLAO_s075,1,test,unexp,12,0.7859709894282487,60.0,False,,59.167
sub-LIU_TLAO_s075,1,test,exp,13,0.7931317966487645,58.16,True,total on-look time in trial is less than the minimum cumulative duration (min_durationOn); Caregiver interference; ,43.06099999999997
sub-LIU_TLAO_s075,1,test,unexp,14,0.8063343682155338,55.251,False,,45.295
sub-LIU_TLAO_s075,1,calibration-long,calib-long,15,0.7618478211893964,21.883,False,,16.308
sub-LIU_TLAO_s076,1,audio-test,audio-test,1,0.6797864443822217,27.301,False,,26.882
sub-LIU_TLAO_s076,1,calibration-short,calib-short,2,0.5141645290323891,19.257,False,,16.028999999999996
sub-LIU_TLAO_s076,1,train,train,3,0.0926448350906781,60.0,False,,57.307
sub-LIU_TLAO_s076,1,fam,fam,4,-0.0603942364454269,44.936,False,,40.119
sub-LIU_TLAO_s076,1,train,train-flip,5,-1.0,60.0,False,,60.0
sub-LIU_TLAO_s076,1,fam,fam-flip,6,-0.2005924903211139,34.081,False,,18.216
sub-LIU_TLAO_s076,1,train,train,7,-0.4017389236074506,60.0,False,,44.031000000000006
sub-LIU_TLAO_s076,1,fam,fam,8,-0.4062943691387772,60.0,False,,10.236999999999997
sub-LIU_TLAO_s076,1,train,train-flip,9,-0.115786459048589,60.0,False,,57.32599999999999
sub-LIU_TLAO_s076,1,fam,fam-flip,10,0.4709976166780842,18.0,False,,3.1869999999999994
sub-LIU_TLAO_s076,1,test,exp-flip,11,-0.2069012916621363,45.036,False,,30.172000000000004
sub-LIU_TLAO_s076,1,test,unexp-flip,12,0.1574902324685974,29.699,False,,17.262999999999998
sub-LIU_TLAO_s076,1,test,exp-flip,13,0.4668727865344599,20.776,False,,5.027999999999997
sub-LIU_TLAO_s076,1,test,unexp-flip,14,-0.0193057571941951,15.002,False,,9.568
sub-LIU_TLAO_s076,1,calibration-long,calib-long,15,0.657529984350702,19.931,False,,17.861999999999995
sub-LIU_TLAO_s077,1,audio-test,audio-test,1,0.783283827267779,22.746,False,,22.746
sub-LIU_TLAO_s077,1,calibration-short,calib-short,2,0.7116832402499207,20.587,False,,20.028
sub-LIU_TLAO_s077,1,train,train-flip,3,0.727975634983113,60.0,False,,54.708000000000006
sub-LIU_TLAO_s077,1,fam,fam-flip,4,0.8113979784634712,60.0,False,,60.0
sub-LIU_TLAO_s077,1,train,train,5,0.7984641754457521,60.0,False,,56.997
sub-LIU_TLAO_s077,1,fam,fam,6,0.8402564551260322,60.0,False,,54.90299999999999
sub-LIU_TLAO_s077,1,train,train-flip,7,0.6770432292004074,60.0,False,,51.99199999999999
sub-LIU_TLAO_s077,1,fam,fam-flip,8,0.7846328585256597,60.0,False,,58.28
sub-LIU_TLAO_s077,1,train,train,9,0.7847763777854716,35.737,False,,26.341
sub-LIU_TLAO_s077,1,fam,fam,10,0.7958099067197018,24.287,False,,19.094
sub-LIU_TLAO_s077,1,test,unexp,11,0.824378996099723,20.03,False,,11.887999999999996
sub-LIU_TLAO_s077,1,test,exp,12,0.4373827215560084,15.989,False,,10.053
sub-LIU_TLAO_s077,1,test,unexp,13,0.0472099913491143,24.579,False,,18.386
sub-LIU_TLAO_s077,1,test,exp,14,0.126337566309505,25.285,False,,21.869000000000003
sub-LIU_TLAO_s077,1,calibration-long,calib-long,15,0.6648688719867017,19.704,False,,19.345
sub-LIU_TLAO_s079,1,audio-test,audio-test,1,0.6630615822233421,21.949,False,,20.595
sub-LIU_TLAO_s079,1,calibration-short,calib-short,2,0.7450487847233023,19.169,False,,19.169
sub-LIU_TLAO_s079,1,train,train,3,0.6030280546737687,60.0,False,,42.042
sub-LIU_TLAO_s079,1,fam,fam,4,0.7474674208599389,60.0,False,,59.84299999999999
sub-LIU_TLAO_s079,1,train,train-flip,5,0.5841323205353345,60.0,False,,59.249
sub-LIU_TLAO_s079,1,fam,fam-flip,6,0.5896931579483888,60.0,False,,58.706
sub-LIU_TLAO_s079,1,train,train,7,0.0525638569855108,60.0,False,,59.38
sub-LIU_TLAO_s079,1,fam,fam,8,0.651398979582579,60.0,False,,57.812
sub-LIU_TLAO_s079,1,train,train-flip,9,0.5090403344982848,39.667,False,,15.125
sub-LIU_TLAO_s079,1,fam,fam-flip,10,0.6906238220576403,60.0,False,,57.616
sub-LIU_TLAO_s079,1,test,exp-flip,11,0.6647293149842801,60.0,False,,58.954999999999984
sub-LIU_TLAO_s079,1,test,unexp-flip,12,0.6532693429702919,48.085,False,,37.835
sub-LIU_TLAO_s079,1,test,exp-flip,13,0.5329814755914398,60.0,False,,57.86300000000001
sub-LIU_TLAO_s079,1,test,unexp-flip,14,0.6364593420074779,40.385,False,,33.849999999999994
sub-LIU_TLAO_s079,1,calibration-long,calib-long,15,0.6484657087801937,20.103,False,,19.545
sub-LIU_TLAO_s080,1,audio-test,audio-test,1,0.5605119531614833,42.473,False,,0.0
sub-LIU_TLAO_s080,1,audio-test,audio-test,1,0.5605119531614833,42.473,True,total on-look time in trial is less than the minimum cumulative duration (min_durationOn); ,0.0
sub-LIU_TLAO_s080,1,calibration-short,calib-short,2,0.7332735201402611,19.453,False,,1.8009999999999984
sub-LIU_TLAO_s080,1,train,train-flip,3,0.2892015308796705,60.0,False,,15.596000000000004
sub-LIU_TLAO_s080,1,fam,fam-flip,4,-0.5553189466396967,28.44,False,,4.231999999999996
sub-LIU_TLAO_s080,1,train,train,5,-0.3501674334208171,36.846,False,,35.727
sub-LIU_TLAO_s080,1,fam,fam,6,0.3563034491037872,60.0,False,,6.021999999999999
sub-LIU_TLAO_s080,1,train,train-flip,7,0.333205370549751,60.0,False,,3.0
sub-LIU_TLAO_s080,1,fam,fam-flip,8,-0.1757265842859707,55.036,False,,51.414
sub-LIU_TLAO_s080,1,train,train,9,-0.3054436699203145,60.0,False,,10.073999999999998
sub-LIU_TLAO_s080,1,fam,fam,10,-0.4289566693883953,43.202,False,,4.588000000000001
sub-LIU_TLAO_s080,1,test,unexp,11,0.435469005909613,11.841,False,,7.695
sub-LIU_TLAO_s080,1,test,exp,12,-0.4081377387046814,16.493,False,,10.334
sub-LIU_TLAO_s080,1,test,unexp,13,0.5347803131096575,20.84,False,,7.753999999999994
sub-LIU_TLAO_s080,1,test,exp,14,0.7892088421400383,9.218,False,,7.148000000000001
sub-LIU_TLAO_s080,1,calibration-long,calib-long,15,-0.465595889659155,19.646,False,,9.402
sub-LIU_TLAO_s081,1,audio-test,audio-test,1,0.649850750993174,45.888,False,,31.48299999999999
sub-LIU_TLAO_s081,1,calibration-short,calib-short,2,0.6977155364787553,19.487,False,,18.088
sub-LIU_TLAO_s081,1,train,train-flip,3,0.4787035119654018,60.0,False,,56.23299999999998
sub-LIU_TLAO_s081,1,fam,fam-flip,4,0.5145658936891436,35.052,False,,28.945999999999994
sub-LIU_TLAO_s081,1,train,train,5,0.7342729784816723,60.0,False,,57.022999999999975
sub-LIU_TLAO_s081,1,fam,fam,6,0.5348604241093518,32.528,False,,26.793999999999983
sub-LIU_TLAO_s081,1,train,train-flip,7,0.4746168018769646,47.168,False,,33.35499999999999
sub-LIU_TLAO_s081,1,fam,fam-flip,8,0.4397702869996562,60.0,False,,53.21399999999999
sub-LIU_TLAO_s081,1,train,train,9,0.5701582482989861,42.818,False,,35.40299999999999
sub-LIU_TLAO_s081,1,fam,fam,10,0.6959887222505227,36.702,False,,10.908999999999988
sub-LIU_TLAO_s081,1,test,unexp-flip,11,0.5212852641762722,12.344,False,,5.985999999999999
sub-LIU_TLAO_s081,1,test,exp-flip,12,0.6740299990989714,18.325,False,,10.041999999999994
sub-LIU_TLAO_s081,1,test,unexp-flip,13,0.646048177873872,23.703,False,,14.448999999999996
sub-LIU_TLAO_s081,1,test,exp-flip,14,0.7672502238440843,14.686,False,,4.484999999999999
sub-LIU_TLAO_s081,1,calibration-long,calib-long,15,0.6500637073242983,19.27,False,,14.417999999999996
sub-LIU_TLAO_s082,1,audio-test,audio-test,1,0.7196337712217742,23.146,False,,23.146
sub-LIU_TLAO_s082,1,calibration-short,calib-short,2,0.8622699525599838,19.219,False,,3.5659999999999954
sub-LIU_TLAO_s082,1,train,train,3,0.5278242449087239,60.0,False,,0.2790000000000034
sub-LIU_TLAO_s082,1,fam,fam,4,0.4628839007368778,60.0,False,,14.024999999999991
sub-LIU_TLAO_s082,1,train,train-flip,5,0.6646487156074811,60.0,False,,9.523000000000003
sub-LIU_TLAO_s082,1,fam,fam-flip,6,0.6660830073826968,60.0,False,,0.4819999999999993
sub-LIU_TLAO_s082,1,train,train,7,0.7640207795244986,60.0,False,,0.0
sub-LIU_TLAO_s082,1,fam,fam,8,0.902906019638065,60.0,False,,59.984
sub-LIU_TLAO_s082,1,train,train-flip,9,0.8716466779444902,60.0,False,,59.942
sub-LIU_TLAO_s082,1,fam,fam-flip,10,0.7948195039056208,43.57,False,,43.57
sub-LIU_TLAO_s082,1,test,exp,11,0.855952525029011,40.599,False,,40.599
sub-LIU_TLAO_s082,1,test,unexp,12,0.8324089965664558,17.65,False,,17.331
sub-LIU_TLAO_s082,1,test,exp,13,0.9356701078490074,15.265,False,,13.145
sub-LIU_TLAO_s082,1,test,unexp,14,0.8512524751916605,51.889,False,,50.776
sub-LIU_TLAO_s082,1,calibration-long,calib-long,15,0.8150795949719138,20.243,False,,18.324
sub-LIU_TLAO_s083,1,audio-test,audio-test,1,0.7109012606672965,40.111,False,,3.414999999999999
sub-LIU_TLAO_s083,1,calibration-short,calib-short,2,0.711288301703875,30.622,False,,25.948
sub-LIU_TLAO_s083,1,train,train,3,0.7463762106006873,42.907,False,,32.788999999999994
sub-LIU_TLAO_s083,1,fam,fam,4,0.7655580920499669,34.744,False,,33.506
sub-LIU_TLAO_s083,1,train,train-flip,5,0.7670751393653229,50.441,False,,39.021
sub-LIU_TLAO_s083,1,fam,fam-flip,6,0.6445452486517631,31.125,False,,20.338
sub-LIU_TLAO_s083,1,train,train,7,0.7024580016636264,46.512,False,,7.792000000000002
sub-LIU_TLAO_s083,1,fam,fam,8,0.7253164426088332,14.484,False,,1.1750000000000025
sub-LIU_TLAO_s083,1,train,train-flip,9,0.6819062326578295,17.386,False,,5.376
sub-LIU_TLAO_s083,1,fam,fam-flip,10,0.6582931876182556,13.753,False,,1.166999999999998
sub-LIU_TLAO_s083,1,test,exp-flip,11,0.6652375783703544,11.002,False,,3.9059999999999993
sub-LIU_TLAO_s083,1,test,unexp-flip,12,0.696321682135264,17.036,False,,3.5039999999999942
sub-LIU_TLAO_s083,1,test,exp-flip,13,0.902469714955678,10.615,False,,0.2140000000000004
sub-LIU_TLAO_s083,1,test,unexp-flip,14,0.7763083135291767,18.991,False,,12.127999999999997
sub-LIU_TLAO_s083,1,calibration-long,calib-long,15,0.7975445468108167,20.123,False,,6.796000000000001
sub-LIU_TLAO_s084,1,audio-test,audio-test,1,0.9180439988840832,37.02,False,,34.223
sub-LIU_TLAO_s084,1,calibration-short,calib-short,2,0.7150807830958794,19.524,False,,17.846999999999998
sub-LIU_TLAO_s084,1,train,train-flip,3,0.7817363427971231,60.0,False,,14.79
sub-LIU_TLAO_s084,1,fam,fam-flip,4,0.897622688415431,60.0,False,,54.631
sub-LIU_TLAO_s084,1,train,train,5,0.7976565226403235,60.0,False,,60.0
sub-LIU_TLAO_s084,1,fam,fam,6,0.8872644158856015,60.0,False,,46.332
sub-LIU_TLAO_s084,1,train,train-flip,7,0.7829134802102908,60.0,False,,59.956
sub-LIU_TLAO_s084,1,fam,fam-flip,8,0.830380322747397,46.955,False,,15.570999999999998
sub-LIU_TLAO_s084,1,train,train,9,0.8389958585955314,60.0,False,,37.029
sub-LIU_TLAO_s084,1,fam,fam,10,0.6707838480559631,13.87,False,,7.898999999999998
sub-LIU_TLAO_s084,1,test,unexp,11,0.8814589150858859,20.086,False,,12.695999999999998
sub-LIU_TLAO_s084,1,test,exp,12,0.7859026298495407,30.964,False,,26.093
sub-LIU_TLAO_s084,1,test,unexp,13,0.7412895005025317,19.035,False,,12.535999999999998
sub-LIU_TLAO_s084,1,test,exp,14,0.7859570090733023,15.654,False,,9.86
sub-LIU_TLAO_s084,1,calibration-long,calib-long,15,0.7604256103680165,20.302,False,,10.541
sub-LIU_TLAO_s085,1,audio-test,audio-test,1,0.7877660477800028,7.605,False,NA,5.6190000000000015
sub-LIU_TLAO_s085,1,calibration-short,calib-short,2,0.9706120733141599,19.252,False,NA,19.252
sub-LIU_TLAO_s085,1,train,train-flip,3,0.8273655824821821,17.903,False,NA,7.408999999999997
sub-LIU_TLAO_s085,1,fam,fam-flip,4,0.6594290064858492,35.483,False,NA,9.549999999999997
sub-LIU_TLAO_s085,1,train,train,5,0.7925568686795861,42.813,False,NA,36.724999999999994
sub-LIU_TLAO_s085,1,fam,fam,6,0.8413940880157483,27.13,False,NA,22.019999999999996
sub-LIU_TLAO_s085,1,train,train-flip,7,0.8843286458692741,16.733,False,NA,0.1629999999999967
sub-LIU_TLAO_s085,1,fam,fam-flip,8,0.7610419540162289,20.783,False,NA,14.631
sub-LIU_TLAO_s085,1,train,train,9,,10.248,False,NA,0.0019999999999988916
sub-LIU_TLAO_s085,1,fam,fam,10,0.9669675849562075,10.936,False,NA,4.213
sub-LIU_TLAO_s085,1,test,unexp-flip,11,0.7234453569269376,17.005,False,NA,0.0
sub-LIU_TLAO_s085,1,test,exp-flip,12,0.7715204787541418,23.316,False,NA,13.824999999999989
sub-LIU_TLAO_s085,1,test,unexp-flip,13,0.8483459286588839,9.252,False,NA,5.057
sub-LIU_TLAO_s085,1,test,exp-flip,14,0.8259330157786209,15.202,False,NA,9.558000000000002
sub-LIU_TLAO_s085,1,calibration-long,calib-long,15,0.8032313684327337,24.471,False,NA,0.0
